,TP53 (M),TERT/5p (Amp),MCL1/1q (Amp),KRAS (M),EGFR (M)
GENIE-MSK-P-0000082,1,0,1,1,0
GENIE-MSK-P-0000110,1,1,1,0,0
GENIE-MSK-P-0000133,1,0,1,0,0
GENIE-MSK-P-0000208,0,1,0,0,0
GENIE-MSK-P-0000219,0,0,0,0,1
GENIE-MSK-P-0000233,0,0,0,1,0
GENIE-MSK-P-0000239,0,0,0,0,0
GENIE-MSK-P-0000260,0,0,0,0,0
GENIE-MSK-P-0000280,0,1,1,0,1
GENIE-MSK-P-0000289,0,0,0,0,0
GENIE-MSK-P-0000301,1,0,1,0,1
GENIE-MSK-P-0000302,0,0,0,0,0
GENIE-MSK-P-0000307,0,0,0,0,0
GENIE-MSK-P-0000316,1,0,1,0,1
GENIE-MSK-P-0000344,0,0,1,1,0
GENIE-MSK-P-0000347,1,0,1,0,1
GENIE-MSK-P-0000348,1,1,0,0,1
GENIE-MSK-P-0000349,0,1,1,1,0
GENIE-MSK-P-0000352,0,0,0,0,1
GENIE-MSK-P-0000388,1,1,0,1,0
GENIE-MSK-P-0000395,1,1,1,0,0
GENIE-MSK-P-0000426,0,0,1,1,0
GENIE-MSK-P-0000427,0,0,1,0,0
GENIE-MSK-P-0000458,0,0,0,0,0
GENIE-MSK-P-0000459,0,1,0,0,0
GENIE-MSK-P-0000474,0,1,0,0,0
GENIE-MSK-P-0000531,1,0,0,0,0
GENIE-MSK-P-0000554,1,1,1,0,0
GENIE-MSK-P-0000563,1,1,0,0,0
GENIE-MSK-P-0000569,0,0,0,0,0
GENIE-MSK-P-0000580,1,1,1,0,1
GENIE-MSK-P-0000604,0,0,0,0,0
GENIE-MSK-P-0000627,0,0,0,1,0
GENIE-MSK-P-0000630,0,0,0,0,1
GENIE-MSK-P-0000641,0,0,0,0,0
GENIE-MSK-P-0000642,1,1,1,0,1
GENIE-MSK-P-0000670,1,0,0,0,1
GENIE-MSK-P-0000702,0,1,1,0,0
GENIE-MSK-P-0000706,0,0,0,1,0
GENIE-MSK-P-0000726,1,1,0,0,0
GENIE-MSK-P-0000732,0,1,0,0,0
GENIE-MSK-P-0000756,1,1,0,1,0
GENIE-MSK-P-0000765,1,1,0,1,0
GENIE-MSK-P-0000774,0,0,1,0,1
GENIE-MSK-P-0000785,1,1,1,0,1
GENIE-MSK-P-0000807,1,0,0,1,0
GENIE-MSK-P-0000819,1,1,0,0,0
GENIE-MSK-P-0000825,1,0,1,0,0
GENIE-MSK-P-0000831,1,0,0,0,0
GENIE-MSK-P-0000840,0,1,0,0,0
GENIE-MSK-P-0000858,0,0,0,1,0
GENIE-MSK-P-0000867,0,1,0,0,0
GENIE-MSK-P-0000900,0,1,0,0,1
GENIE-MSK-P-0000903,1,0,0,1,0
GENIE-MSK-P-0000907,1,1,1,0,0
GENIE-MSK-P-0000913,1,1,1,0,1
GENIE-MSK-P-0000963,1,0,0,0,1
GENIE-MSK-P-0000978,0,1,1,0,0
GENIE-MSK-P-0000987,1,0,0,0,1
GENIE-MSK-P-0000989,0,0,1,1,0
GENIE-MSK-P-0001089,1,1,0,0,0
GENIE-MSK-P-0001097,0,1,1,0,1
GENIE-MSK-P-0001117,0,1,1,0,0
GENIE-MSK-P-0001123,1,1,0,0,1
GENIE-MSK-P-0001130,1,0,1,0,0
GENIE-MSK-P-0001154,0,1,1,1,0
GENIE-MSK-P-0001165,1,1,1,0,0
GENIE-MSK-P-0001196,1,0,0,0,0
GENIE-MSK-P-0001199,1,1,0,1,0
GENIE-MSK-P-0001208,0,0,0,0,0
GENIE-MSK-P-0001241,0,1,1,0,0
GENIE-MSK-P-0001257,1,0,1,1,0
GENIE-MSK-P-0001300,0,1,0,0,1
GENIE-MSK-P-0001365,1,1,1,0,0
GENIE-MSK-P-0001368,0,0,1,0,1
GENIE-MSK-P-0001375,1,0,0,0,0
GENIE-MSK-P-0001380,1,0,0,1,0
GENIE-MSK-P-0001389,1,1,1,0,1
GENIE-MSK-P-0001390,0,1,1,0,0
GENIE-MSK-P-0001437,1,1,1,0,0
GENIE-MSK-P-0001454,1,0,1,1,0
GENIE-MSK-P-0001532,0,1,1,0,0
GENIE-MSK-P-0001546,0,0,0,0,0
GENIE-MSK-P-0001550,1,0,1,1,0
GENIE-MSK-P-0001599,1,0,0,0,0
GENIE-MSK-P-0001625,0,0,0,0,1
GENIE-MSK-P-0001633,0,1,1,0,0
GENIE-MSK-P-0001665,0,0,0,0,1
GENIE-MSK-P-0001707,1,0,1,0,1
GENIE-MSK-P-0001722,0,0,1,0,0
GENIE-MSK-P-0001758,0,0,1,0,0
GENIE-MSK-P-0001766,0,0,0,0,1
GENIE-MSK-P-0001811,0,0,0,0,0
GENIE-MSK-P-0001813,1,0,0,0,0
GENIE-MSK-P-0001817,1,1,0,0,1
GENIE-MSK-P-0001828,1,0,1,1,0
GENIE-MSK-P-0001830,1,0,0,1,0
GENIE-MSK-P-0001894,0,0,0,0,1
GENIE-MSK-P-0001916,1,0,1,0,0
GENIE-MSK-P-0001927,1,0,0,0,0
GENIE-MSK-P-0001944,0,0,0,1,0
GENIE-MSK-P-0001986,1,1,0,0,0
GENIE-MSK-P-0002000,0,0,1,0,0
GENIE-MSK-P-0002016,1,0,0,0,0
GENIE-MSK-P-0002024,0,0,0,0,0
GENIE-MSK-P-0002026,1,0,0,0,1
GENIE-MSK-P-0002033,0,0,0,1,0
GENIE-MSK-P-0002038,1,1,0,0,1
GENIE-MSK-P-0002046,0,0,0,0,0
GENIE-MSK-P-0002069,0,0,1,1,0
GENIE-MSK-P-0002075,1,0,1,0,0
GENIE-MSK-P-0002085,1,0,0,0,1
GENIE-MSK-P-0002091,1,1,0,0,1
GENIE-MSK-P-0002156,0,0,1,1,0
GENIE-MSK-P-0002163,1,1,0,0,0
GENIE-MSK-P-0002207,1,0,1,0,1
GENIE-MSK-P-0002215,1,0,0,0,0
GENIE-MSK-P-0002217,0,0,0,0,0
GENIE-MSK-P-0002218,1,1,1,0,1
GENIE-MSK-P-0002247,0,0,0,1,0
GENIE-MSK-P-0002275,0,0,0,0,0
GENIE-MSK-P-0002338,0,1,1,0,1
GENIE-MSK-P-0002359,0,0,0,0,0
GENIE-MSK-P-0002403,1,1,1,0,1
GENIE-MSK-P-0002408,0,0,0,0,0
GENIE-MSK-P-0002416,0,1,0,1,0
GENIE-MSK-P-0002420,1,0,0,0,0
GENIE-MSK-P-0002421,1,0,1,1,0
GENIE-MSK-P-0002423,1,0,0,0,1
GENIE-MSK-P-0002425,1,0,1,0,1
GENIE-MSK-P-0002426,1,0,1,0,1
GENIE-MSK-P-0002434,0,0,1,1,0
GENIE-MSK-P-0002446,1,1,1,0,1
GENIE-MSK-P-0002491,1,0,0,0,1
GENIE-MSK-P-0002506,1,0,0,0,1
GENIE-MSK-P-0002523,1,0,1,0,1
GENIE-MSK-P-0002534,1,0,0,0,1
GENIE-MSK-P-0002544,1,0,1,1,0
GENIE-MSK-P-0002548,1,0,0,0,0
GENIE-MSK-P-0002551,0,1,1,0,0
GENIE-MSK-P-0002557,0,1,0,0,1
GENIE-MSK-P-0002558,0,0,0,0,0
GENIE-MSK-P-0002559,0,0,1,1,0
GENIE-MSK-P-0002571,1,1,1,0,0
GENIE-MSK-P-0002580,0,1,1,0,1
GENIE-MSK-P-0002631,0,0,0,1,0
GENIE-MSK-P-0002635,1,0,1,0,0
GENIE-MSK-P-0002639,1,0,0,0,0
GENIE-MSK-P-0002646,1,0,0,0,0
GENIE-MSK-P-0002650,0,0,1,1,0
GENIE-MSK-P-0002663,1,1,1,1,0
GENIE-MSK-P-0002677,0,0,1,0,0
GENIE-MSK-P-0002718,0,0,1,1,0
GENIE-MSK-P-0002725,0,0,0,1,0
GENIE-MSK-P-0002735,0,0,0,0,0
GENIE-MSK-P-0002766,0,0,1,1,0
GENIE-MSK-P-0002768,0,0,1,0,1
GENIE-MSK-P-0002794,1,0,0,1,0
GENIE-MSK-P-0002806,0,1,0,1,0
GENIE-MSK-P-0002823,1,0,0,0,0
GENIE-MSK-P-0002837,1,1,1,1,0
GENIE-MSK-P-0002842,0,0,1,1,0
GENIE-MSK-P-0002846,0,0,0,0,0
GENIE-MSK-P-0002861,1,0,0,0,1
GENIE-MSK-P-0002873,1,1,0,0,0
GENIE-MSK-P-0002877,0,0,0,0,0
GENIE-MSK-P-0002886,0,0,0,1,0
GENIE-MSK-P-0002893,0,0,0,1,0
GENIE-MSK-P-0002904,1,1,0,0,0
GENIE-MSK-P-0002905,0,1,1,1,0
GENIE-MSK-P-0002909,1,0,0,0,1
GENIE-MSK-P-0002912,1,1,0,0,0
GENIE-MSK-P-0002916,0,1,0,0,1
GENIE-MSK-P-0002917,0,0,1,1,0
GENIE-MSK-P-0002921,0,0,0,1,0
GENIE-MSK-P-0002949,0,0,0,1,0
GENIE-MSK-P-0002954,0,1,1,1,0
GENIE-MSK-P-0002955,0,1,1,1,0
GENIE-MSK-P-0002980,0,0,0,1,0
GENIE-MSK-P-0002989,1,0,1,1,0
GENIE-MSK-P-0002996,1,0,0,1,0
GENIE-MSK-P-0003013,0,1,0,1,0
GENIE-MSK-P-0003030,1,1,0,0,1
GENIE-MSK-P-0003034,1,0,0,0,0
GENIE-MSK-P-0003070,1,0,0,0,1
GENIE-MSK-P-0003096,0,0,0,0,1
GENIE-MSK-P-0003107,0,0,1,0,1
GENIE-MSK-P-0003116,1,1,0,0,1
GENIE-MSK-P-0003119,1,1,0,0,0
GENIE-MSK-P-0003125,1,0,0,0,0
GENIE-MSK-P-0003169,1,1,1,0,1
GENIE-MSK-P-0003201,1,0,1,0,0
GENIE-MSK-P-0003207,1,1,0,0,0
GENIE-MSK-P-0003240,0,0,1,1,0
GENIE-MSK-P-0003250,0,1,1,0,1
GENIE-MSK-P-0003274,1,0,0,0,1
GENIE-MSK-P-0003275,0,0,0,1,0
GENIE-MSK-P-0003282,0,1,0,0,1
GENIE-MSK-P-0003302,0,0,0,0,0
GENIE-MSK-P-0003311,1,1,0,0,0
GENIE-MSK-P-0003314,1,1,1,1,0
GENIE-MSK-P-0003323,0,1,0,0,0
GENIE-MSK-P-0003324,0,0,0,1,0
GENIE-MSK-P-0003368,1,0,0,1,0
GENIE-MSK-P-0003383,0,1,0,0,0
GENIE-MSK-P-0003444,1,0,0,1,0
GENIE-MSK-P-0003460,0,0,0,0,0
GENIE-MSK-P-0003465,0,1,1,0,0
GENIE-MSK-P-0003479,1,0,1,0,1
GENIE-MSK-P-0003480,0,1,0,0,0
GENIE-MSK-P-0003489,1,0,0,1,0
GENIE-MSK-P-0003495,1,0,0,0,1
GENIE-MSK-P-0003502,1,0,0,0,1
GENIE-MSK-P-0003505,0,1,1,1,0
GENIE-MSK-P-0003508,0,0,0,1,0
GENIE-MSK-P-0003523,1,1,0,0,0
GENIE-MSK-P-0003531,1,0,0,1,0
GENIE-MSK-P-0003537,0,0,1,0,0
GENIE-MSK-P-0003551,1,1,1,0,1
GENIE-MSK-P-0003569,1,0,0,0,1
GENIE-MSK-P-0003572,1,1,1,0,1
GENIE-MSK-P-0003573,0,0,0,0,1
GENIE-MSK-P-0003580,1,0,0,1,0
GENIE-MSK-P-0003584,0,0,0,1,0
GENIE-MSK-P-0003595,1,0,0,0,0
GENIE-MSK-P-0003628,1,0,1,0,0
GENIE-MSK-P-0003632,1,0,0,0,0
GENIE-MSK-P-0003635,1,1,1,0,1
GENIE-MSK-P-0003640,0,0,0,1,0
GENIE-MSK-P-0003670,0,0,0,0,0
GENIE-MSK-P-0003709,0,0,0,1,0
GENIE-MSK-P-0003712,0,0,0,1,0
GENIE-MSK-P-0003714,0,1,1,0,1
GENIE-MSK-P-0003718,0,0,0,0,0
GENIE-MSK-P-0003730,0,0,0,1,0
GENIE-MSK-P-0003732,0,0,1,0,0
GENIE-MSK-P-0003734,0,0,0,1,0
GENIE-MSK-P-0003773,0,0,1,0,1
GENIE-MSK-P-0003785,0,1,1,0,0
GENIE-MSK-P-0003861,1,0,0,0,0
GENIE-MSK-P-0003869,1,1,1,1,0
GENIE-MSK-P-0003879,1,1,0,0,0
GENIE-MSK-P-0003913,1,1,0,0,0
GENIE-MSK-P-0003937,0,0,1,0,0
GENIE-MSK-P-0004020,0,0,0,1,0
GENIE-MSK-P-0004045,1,0,1,0,0
GENIE-MSK-P-0004054,1,1,1,0,0
GENIE-MSK-P-0004065,1,1,0,0,0
GENIE-MSK-P-0004066,0,0,0,0,1
GENIE-MSK-P-0004074,0,0,0,1,0
GENIE-MSK-P-0004091,1,0,0,0,0
GENIE-MSK-P-0004099,1,1,0,0,1
GENIE-MSK-P-0004103,0,1,1,0,0
GENIE-MSK-P-0004105,1,0,0,0,1
GENIE-MSK-P-0004108,0,0,0,0,0
GENIE-MSK-P-0004110,0,0,1,1,0
GENIE-MSK-P-0004113,0,0,0,1,0
GENIE-MSK-P-0004114,0,0,0,0,0
GENIE-MSK-P-0004117,1,1,1,0,1
GENIE-MSK-P-0004120,0,0,0,0,1
GENIE-MSK-P-0004123,1,1,1,0,1
GENIE-MSK-P-0004124,0,0,0,1,0
GENIE-MSK-P-0004131,1,0,0,0,0
GENIE-MSK-P-0004146,1,1,1,0,1
GENIE-MSK-P-0004169,0,0,0,0,0
GENIE-MSK-P-0004207,0,0,0,1,0
GENIE-MSK-P-0004208,0,0,0,0,1
GENIE-MSK-P-0004211,0,1,0,1,0
GENIE-MSK-P-0004232,1,1,1,0,1
GENIE-MSK-P-0004238,0,0,0,0,1
GENIE-MSK-P-0004250,1,0,0,0,0
GENIE-MSK-P-0004271,0,0,0,1,0
GENIE-MSK-P-0004318,0,0,0,0,0
GENIE-MSK-P-0004324,1,0,1,0,0
GENIE-MSK-P-0004327,1,0,1,0,0
GENIE-MSK-P-0004328,1,1,0,0,1
GENIE-MSK-P-0004335,0,0,0,1,0
GENIE-MSK-P-0004336,0,0,0,0,0
GENIE-MSK-P-0004339,0,0,0,0,0
GENIE-MSK-P-0004342,0,0,0,0,1
GENIE-MSK-P-0004344,0,0,0,0,0
GENIE-MSK-P-0004359,1,1,1,0,0
GENIE-MSK-P-0004378,0,0,0,1,0
GENIE-MSK-P-0004382,1,0,0,0,0
GENIE-MSK-P-0004421,0,0,0,0,0
GENIE-MSK-P-0004432,1,0,0,0,1
GENIE-MSK-P-0004436,0,1,1,0,0
GENIE-MSK-P-0004438,0,0,0,0,0
GENIE-MSK-P-0004442,1,1,0,0,1
GENIE-MSK-P-0004447,0,0,0,1,0
GENIE-MSK-P-0004463,1,1,1,0,0
GENIE-MSK-P-0004488,0,0,1,1,0
GENIE-MSK-P-0004530,0,0,0,1,0
GENIE-MSK-P-0004588,1,0,1,1,0
GENIE-MSK-P-0004607,1,1,1,0,1
GENIE-MSK-P-0004612,1,1,1,0,0
GENIE-MSK-P-0004613,1,0,1,0,1
GENIE-MSK-P-0004643,0,0,0,0,0
GENIE-MSK-P-0004655,0,0,0,0,0
GENIE-MSK-P-0004659,0,0,1,0,0
GENIE-MSK-P-0004678,0,0,1,0,1
GENIE-MSK-P-0004687,0,0,0,1,0
GENIE-MSK-P-0004693,1,0,0,0,0
GENIE-MSK-P-0004696,1,1,0,0,0
GENIE-MSK-P-0004709,1,1,1,1,0
GENIE-MSK-P-0004714,1,1,1,0,1
GENIE-MSK-P-0004718,1,1,1,0,1
GENIE-MSK-P-0004730,0,0,0,0,1
GENIE-MSK-P-0004739,1,0,0,0,1
GENIE-MSK-P-0004743,1,1,1,0,1
GENIE-MSK-P-0004747,0,0,0,0,0
GENIE-MSK-P-0004752,0,0,0,0,0
GENIE-MSK-P-0004759,1,1,1,0,0
GENIE-MSK-P-0004790,0,0,0,0,0
GENIE-MSK-P-0004847,1,0,1,0,1
GENIE-MSK-P-0004858,0,0,0,0,0
GENIE-MSK-P-0004860,1,0,1,1,0
GENIE-MSK-P-0004861,1,0,1,0,0
GENIE-MSK-P-0004863,1,1,0,0,0
GENIE-MSK-P-0004873,1,0,0,1,0
GENIE-MSK-P-0004875,0,0,0,1,0
GENIE-MSK-P-0004878,0,1,1,0,0
GENIE-MSK-P-0004882,0,1,0,0,0
GENIE-MSK-P-0004890,0,0,1,1,0
GENIE-MSK-P-0004934,0,1,1,1,0
GENIE-MSK-P-0004961,0,0,0,1,0
GENIE-MSK-P-0004988,0,0,0,1,0
GENIE-MSK-P-0004990,0,0,0,1,0
GENIE-MSK-P-0005048,0,0,0,1,0
GENIE-MSK-P-0005094,1,0,0,0,1
GENIE-MSK-P-0005114,0,1,1,0,1
GENIE-MSK-P-0005170,0,0,0,0,0
GENIE-MSK-P-0005178,1,1,1,0,1
GENIE-MSK-P-0005179,1,0,0,1,0
GENIE-MSK-P-0005190,0,0,1,1,0
GENIE-MSK-P-0005194,0,0,0,1,0
GENIE-MSK-P-0005198,0,0,0,0,1
GENIE-MSK-P-0005264,0,0,0,0,1
GENIE-MSK-P-0005286,1,0,0,0,1
GENIE-MSK-P-0005320,1,0,0,0,0
GENIE-MSK-P-0005337,1,0,0,0,1
GENIE-MSK-P-0005393,1,0,1,0,1
GENIE-MSK-P-0005435,1,0,0,0,1
GENIE-MSK-P-0005464,1,1,0,0,1
GENIE-MSK-P-0005467,0,0,0,0,1
GENIE-MSK-P-0005476,1,1,1,0,0
GENIE-MSK-P-0005483,1,0,0,0,0
GENIE-MSK-P-0005510,0,0,1,1,0
GENIE-MSK-P-0005523,0,0,1,0,0
GENIE-MSK-P-0005527,0,0,1,1,0
GENIE-MSK-P-0005543,1,0,1,0,0
GENIE-MSK-P-0005544,0,0,0,1,0
GENIE-MSK-P-0005567,1,0,1,0,0
GENIE-MSK-P-0005580,0,0,1,0,1
GENIE-MSK-P-0005629,0,0,0,1,0
GENIE-MSK-P-0005633,0,0,1,0,0
GENIE-MSK-P-0005644,1,0,0,0,0
GENIE-MSK-P-0005645,0,1,0,1,0
GENIE-MSK-P-0005694,0,0,0,0,0
GENIE-MSK-P-0005707,0,0,1,0,0
GENIE-MSK-P-0005721,0,0,0,0,0
GENIE-MSK-P-0005763,0,0,0,0,1
GENIE-MSK-P-0005786,0,0,0,0,0
GENIE-MSK-P-0005813,1,1,1,0,1
GENIE-MSK-P-0005845,0,0,0,0,1
GENIE-MSK-P-0005847,0,0,0,1,0
GENIE-MSK-P-0005863,0,0,0,0,0
GENIE-MSK-P-0005871,0,0,1,0,0
GENIE-MSK-P-0005872,0,0,0,1,0
GENIE-MSK-P-0005881,1,0,0,1,0
GENIE-MSK-P-0005909,1,0,0,1,0
GENIE-MSK-P-0005914,0,0,0,0,0
GENIE-MSK-P-0005927,0,1,0,0,0
GENIE-MSK-P-0005937,0,0,0,1,0
GENIE-MSK-P-0005942,1,0,0,0,0
GENIE-MSK-P-0005959,0,0,0,1,0
GENIE-MSK-P-0005962,1,0,0,0,0
GENIE-MSK-P-0005974,0,1,1,1,1
GENIE-MSK-P-0005975,0,0,0,1,0
GENIE-MSK-P-0006002,1,0,0,0,1
GENIE-MSK-P-0006028,0,1,0,0,1
GENIE-MSK-P-0006046,1,1,0,1,0
GENIE-MSK-P-0006060,1,1,0,1,0
GENIE-MSK-P-0006071,1,0,1,0,0
GENIE-MSK-P-0006084,0,1,1,0,0
GENIE-MSK-P-0006085,0,1,0,0,0
GENIE-MSK-P-0006088,1,1,0,0,0
GENIE-MSK-P-0006115,1,1,0,0,1
GENIE-MSK-P-0006116,1,0,0,0,1
GENIE-MSK-P-0006123,0,0,0,1,0
GENIE-MSK-P-0006127,1,1,1,0,0
GENIE-MSK-P-0006134,1,0,0,0,0
GENIE-MSK-P-0006139,0,0,0,0,1
GENIE-MSK-P-0006140,0,0,0,1,0
GENIE-MSK-P-0006191,0,0,1,1,0
GENIE-MSK-P-0006210,1,0,0,0,1
GENIE-MSK-P-0006280,1,1,1,0,1
GENIE-MSK-P-0006292,0,0,0,1,0
GENIE-MSK-P-0006294,0,0,1,1,0
GENIE-MSK-P-0006313,0,0,0,0,0
GENIE-MSK-P-0006314,1,0,0,0,0
GENIE-MSK-P-0006343,0,0,0,1,0
GENIE-MSK-P-0006351,1,1,0,1,0
GENIE-MSK-P-0006364,0,0,0,1,0
GENIE-MSK-P-0006370,0,1,1,0,0
GENIE-MSK-P-0006372,0,0,0,0,0
GENIE-MSK-P-0006397,1,0,0,0,0
GENIE-MSK-P-0006402,1,0,0,0,1
GENIE-MSK-P-0006415,0,0,1,1,0
GENIE-MSK-P-0006421,1,0,0,1,0
GENIE-MSK-P-0006474,1,0,0,1,0
GENIE-MSK-P-0006485,0,0,1,1,0
GENIE-MSK-P-0006516,1,0,0,1,0
GENIE-MSK-P-0006561,0,1,0,0,1
GENIE-MSK-P-0006566,0,0,0,1,0
GENIE-MSK-P-0006569,1,0,0,0,1
GENIE-MSK-P-0006588,0,0,0,0,1
GENIE-MSK-P-0006640,0,1,1,0,1
GENIE-MSK-P-0006677,0,0,0,1,0
GENIE-MSK-P-0006713,0,0,0,1,0
GENIE-MSK-P-0006747,1,0,0,1,0
GENIE-MSK-P-0006768,1,0,0,0,0
GENIE-MSK-P-0006783,0,0,0,1,0
GENIE-MSK-P-0006793,1,0,0,0,0
GENIE-MSK-P-0006810,1,1,1,0,1
GENIE-MSK-P-0006844,1,1,0,0,1
GENIE-MSK-P-0006886,0,0,1,0,1
GENIE-MSK-P-0006896,1,0,1,0,0
GENIE-MSK-P-0006912,1,0,0,0,1
GENIE-MSK-P-0006920,1,0,0,0,0
GENIE-MSK-P-0006941,0,0,0,0,0
GENIE-MSK-P-0006964,1,0,1,0,1
GENIE-MSK-P-0006965,1,0,0,0,0
GENIE-MSK-P-0006969,1,0,0,0,0
GENIE-MSK-P-0006993,0,1,1,1,0
GENIE-MSK-P-0007004,0,0,1,1,0
GENIE-MSK-P-0007026,1,1,0,1,0
GENIE-MSK-P-0007029,1,1,0,0,0
GENIE-MSK-P-0007031,0,0,0,1,0
GENIE-MSK-P-0007044,1,0,0,1,0
GENIE-MSK-P-0007050,0,0,0,0,0
GENIE-MSK-P-0007054,1,0,0,0,0
GENIE-MSK-P-0007057,0,0,0,0,1
GENIE-MSK-P-0007074,0,0,0,1,0
GENIE-MSK-P-0007080,0,0,0,0,1
GENIE-MSK-P-0007082,0,1,1,0,1
GENIE-MSK-P-0007119,1,0,0,0,0
GENIE-MSK-P-0007121,1,0,0,1,0
GENIE-MSK-P-0007125,0,0,0,0,0
GENIE-MSK-P-0007167,1,1,1,0,1
GENIE-MSK-P-0007236,0,1,0,0,1
GENIE-MSK-P-0007239,0,0,1,0,0
GENIE-MSK-P-0007266,0,0,0,0,0
GENIE-MSK-P-0007278,0,0,0,1,0
GENIE-MSK-P-0007328,1,0,0,0,0
GENIE-MSK-P-0007341,0,0,0,0,0
GENIE-MSK-P-0007345,0,0,0,1,0
GENIE-MSK-P-0007413,1,1,1,0,0
GENIE-MSK-P-0007422,0,0,0,1,0
GENIE-MSK-P-0007487,1,1,0,1,0
GENIE-MSK-P-0007491,0,0,0,0,0
GENIE-MSK-P-0007513,0,0,0,0,0
GENIE-MSK-P-0007532,0,0,0,1,0
GENIE-MSK-P-0007542,1,0,1,0,0
GENIE-MSK-P-0007545,0,0,0,0,1
GENIE-MSK-P-0007549,1,0,1,0,0
GENIE-MSK-P-0007580,1,0,0,0,1
GENIE-MSK-P-0007619,1,0,1,0,0
GENIE-MSK-P-0007633,0,0,0,0,0
GENIE-MSK-P-0007634,1,0,0,0,0
GENIE-MSK-P-0007638,0,0,0,1,0
GENIE-MSK-P-0007643,0,0,0,0,0
GENIE-MSK-P-0007681,0,1,0,0,1
GENIE-MSK-P-0007701,0,0,0,0,1
GENIE-MSK-P-0007745,0,1,0,0,1
GENIE-MSK-P-0007753,1,0,0,1,0
GENIE-MSK-P-0007754,1,1,0,0,1
GENIE-MSK-P-0007776,0,0,0,1,0
GENIE-MSK-P-0009339,1,1,1,0,0
GENIE-MSK-P-0014310,0,0,0,0,0
GENIE-MSK-P-0013056,1,1,0,0,1
GENIE-MSK-P-0009469,1,1,0,0,1
GENIE-MSK-P-0011025,0,0,0,0,0
GENIE-MSK-P-0008855,0,0,0,0,1
GENIE-MSK-P-0014087,0,0,0,0,0
GENIE-MSK-P-0012121,0,0,0,0,0
GENIE-MSK-P-0009684,1,1,1,0,0
GENIE-MSK-P-0009353,0,0,1,0,0
GENIE-MSK-P-0008132,1,0,0,0,0
GENIE-MSK-P-0009748,0,0,1,0,0
GENIE-MSK-P-0007864,0,0,0,0,1
GENIE-MSK-P-0012098,0,0,0,0,1
GENIE-MSK-P-0010989,1,0,1,0,0
GENIE-MSK-P-0012778,0,1,0,0,0
GENIE-MSK-P-0013522,1,0,0,1,0
GENIE-MSK-P-0012065,0,0,1,1,0
GENIE-MSK-P-0010983,0,1,1,0,0
GENIE-MSK-P-0014735,0,0,1,1,0
GENIE-MSK-P-0016204,0,0,0,0,1
GENIE-MSK-P-0013023,0,0,0,0,0
GENIE-MSK-P-0008487,1,0,0,0,1
GENIE-MSK-P-0008944,1,1,0,0,0
GENIE-MSK-P-0012525,0,0,0,0,0
GENIE-MSK-P-0010467,1,1,0,0,0
GENIE-MSK-P-0016139,1,1,1,0,1
GENIE-MSK-P-0009691,1,0,0,0,0
GENIE-MSK-P-0010554,0,1,0,0,1
GENIE-MSK-P-0014471,0,0,0,0,1
GENIE-MSK-P-0010261,1,0,0,1,0
GENIE-MSK-P-0013046,1,1,0,1,0
GENIE-MSK-P-0009164,1,0,0,0,1
GENIE-MSK-P-0013355,0,0,0,1,0
GENIE-MSK-P-0008876,0,0,1,1,0
GENIE-MSK-P-0010177,0,0,0,0,0
GENIE-MSK-P-0016173,1,1,1,1,0
GENIE-MSK-P-0009764,1,0,1,0,0
GENIE-MSK-P-0008849,1,0,0,0,1
GENIE-MSK-P-0008553,1,0,0,1,0
GENIE-MSK-P-0014222,1,0,0,0,1
GENIE-MSK-P-0009343,1,1,0,0,0
GENIE-MSK-P-0010760,1,0,0,0,0
GENIE-MSK-P-0016637,1,1,0,0,0
GENIE-MSK-P-0009312,1,0,0,0,0
GENIE-MSK-P-0015780,0,0,1,1,0
GENIE-MSK-P-0012596,1,0,0,0,0
GENIE-MSK-P-0014875,0,1,1,0,1
GENIE-MSK-P-0008289,0,0,0,0,0
GENIE-MSK-P-0015825,0,0,1,1,0
GENIE-MSK-P-0010640,1,1,1,0,1
GENIE-MSK-P-0015363,1,1,1,0,1
GENIE-MSK-P-0013864,0,1,1,0,0
GENIE-MSK-P-0009110,1,0,0,0,0
GENIE-MSK-P-0010300,1,1,0,0,0
GENIE-MSK-P-0012108,0,0,1,1,0
GENIE-MSK-P-0013600,0,1,1,0,1
GENIE-MSK-P-0016271,1,0,1,1,0
GENIE-MSK-P-0009833,1,1,1,0,0
GENIE-MSK-P-0015961,0,0,0,0,0
GENIE-MSK-P-0009963,1,0,0,0,0
GENIE-MSK-P-0011018,0,1,0,0,0
GENIE-MSK-P-0008602,1,0,0,0,1
GENIE-MSK-P-0010986,0,0,1,1,0
GENIE-MSK-P-0012251,1,1,0,0,1
GENIE-MSK-P-0016182,0,0,1,0,1
GENIE-MSK-P-0015018,1,0,0,0,0
GENIE-MSK-P-0008589,0,1,1,0,0
GENIE-MSK-P-0011254,0,1,1,1,0
GENIE-MSK-P-0016068,0,0,0,0,1
GENIE-MSK-P-0011035,0,0,0,0,0
GENIE-MSK-P-0012745,0,0,0,0,1
GENIE-MSK-P-0015785,1,1,1,1,0
GENIE-MSK-P-0012730,1,1,0,1,1
GENIE-MSK-P-0012079,1,0,0,0,1
GENIE-MSK-P-0013759,0,0,0,0,1
GENIE-MSK-P-0012008,0,1,0,0,0
GENIE-MSK-P-0012894,0,0,0,0,0
GENIE-MSK-P-0008874,1,1,1,0,0
GENIE-MSK-P-0009956,1,0,0,1,0
GENIE-MSK-P-0016234,1,0,0,1,0
GENIE-MSK-P-0014248,1,0,0,0,0
GENIE-MSK-P-0013657,1,0,0,0,0
GENIE-MSK-P-0012161,1,0,0,0,0
GENIE-MSK-P-0014554,0,0,1,1,0
GENIE-MSK-P-0010675,0,1,0,0,1
GENIE-MSK-P-0013460,0,0,0,1,0
GENIE-MSK-P-0009514,1,0,0,0,0
GENIE-MSK-P-0014062,0,0,0,1,0
GENIE-MSK-P-0014833,1,1,1,0,1
GENIE-MSK-P-0000012,0,1,1,0,0
GENIE-MSK-P-0009434,1,0,1,1,0
GENIE-MSK-P-0008664,1,0,0,0,1
GENIE-MSK-P-0010025,1,1,0,0,0
GENIE-MSK-P-0009627,0,0,1,0,0
GENIE-MSK-P-0009259,0,0,0,0,0
GENIE-MSK-P-0012392,0,0,0,1,0
GENIE-MSK-P-0014968,0,0,0,0,0
GENIE-MSK-P-0012664,0,0,0,0,1
GENIE-MSK-P-0011548,0,0,0,0,0
GENIE-MSK-P-0013768,1,0,1,0,0
GENIE-MSK-P-0011142,1,0,0,1,0
GENIE-MSK-P-0016527,0,1,1,1,0
GENIE-MSK-P-0014468,1,0,0,0,1
GENIE-MSK-P-0013962,1,1,0,0,0
GENIE-MSK-P-0016138,1,0,0,1,0
GENIE-MSK-P-0015075,1,0,0,0,1
GENIE-MSK-P-0009680,0,1,1,0,0
GENIE-MSK-P-0015197,0,1,0,0,0
GENIE-MSK-P-0011136,0,0,0,1,0
GENIE-MSK-P-0016021,1,1,0,0,1
GENIE-MSK-P-0009350,0,1,0,0,0
GENIE-MSK-P-0009661,1,0,0,0,1
GENIE-MSK-P-0015056,0,1,0,0,0
GENIE-MSK-P-0016260,0,0,0,0,1
GENIE-MSK-P-0014569,0,0,1,0,0
GENIE-MSK-P-0009714,1,1,0,0,0
GENIE-MSK-P-0012151,0,0,0,0,0
GENIE-MSK-P-0015332,0,0,1,0,1
GENIE-MSK-P-0015588,0,1,0,0,0
GENIE-MSK-P-0012458,0,1,1,1,0
GENIE-MSK-P-0008601,1,0,0,0,1
GENIE-MSK-P-0010362,0,0,0,1,0
GENIE-MSK-P-0015436,0,1,1,1,0
GENIE-MSK-P-0014724,0,1,1,1,0
GENIE-MSK-P-0009481,0,0,0,0,1
GENIE-MSK-P-0009092,1,0,1,0,0
GENIE-MSK-P-0016370,0,1,0,1,0
GENIE-MSK-P-0012746,1,0,1,1,0
GENIE-MSK-P-0014361,1,0,0,0,0
GENIE-MSK-P-0009633,0,0,0,1,0
GENIE-MSK-P-0010466,0,0,0,0,0
GENIE-MSK-P-0011461,1,0,0,1,0
GENIE-MSK-P-0014089,0,0,0,1,0
GENIE-MSK-P-0015300,1,0,0,0,0
GENIE-MSK-P-0009172,1,0,0,0,1
GENIE-MSK-P-0014127,1,1,1,0,1
GENIE-MSK-P-0012594,1,0,0,0,0
GENIE-MSK-P-0015950,1,0,0,0,0
GENIE-MSK-P-0014177,1,0,0,0,0
GENIE-MSK-P-0010359,0,0,0,0,1
GENIE-MSK-P-0013143,0,1,0,0,1
GENIE-MSK-P-0011180,1,0,0,0,0
GENIE-MSK-P-0013867,1,0,1,1,0
GENIE-MSK-P-0016043,0,0,0,1,0
GENIE-MSK-P-0016642,0,0,1,1,0
GENIE-MSK-P-0014285,0,0,0,1,0
GENIE-MSK-P-0012696,1,0,0,0,0
GENIE-MSK-P-0014437,1,0,0,0,0
GENIE-MSK-P-0008577,1,1,0,0,1
GENIE-MSK-P-0015222,1,0,0,1,0
GENIE-MSK-P-0009535,0,1,0,0,1
GENIE-MSK-P-0009708,1,1,0,0,1
GENIE-MSK-P-0012089,1,1,1,0,1
GENIE-MSK-P-0011016,1,1,0,0,0
GENIE-MSK-P-0016038,0,1,1,0,0
GENIE-MSK-P-0010841,0,1,0,0,0
GENIE-MSK-P-0015359,1,1,0,0,1
GENIE-MSK-P-0014117,0,0,0,0,1
GENIE-MSK-P-0008549,0,1,1,0,1
GENIE-MSK-P-0012261,0,0,0,1,0
GENIE-MSK-P-0012114,1,0,0,0,0
GENIE-MSK-P-0014526,1,0,0,0,1
GENIE-MSK-P-0012592,1,1,0,0,1
GENIE-MSK-P-0012595,0,0,0,0,1
GENIE-MSK-P-0014262,1,0,0,0,1
GENIE-MSK-P-0009004,1,0,0,1,0
GENIE-MSK-P-0016047,0,1,1,0,1
GENIE-MSK-P-0012056,1,0,0,0,0
GENIE-MSK-P-0015079,0,0,0,1,0
GENIE-MSK-P-0012648,0,0,1,0,0
GENIE-MSK-P-0016695,1,0,1,0,1
GENIE-MSK-P-0008438,0,0,0,1,0
GENIE-MSK-P-0012111,0,0,0,1,0
GENIE-MSK-P-0010611,0,0,0,1,0
GENIE-MSK-P-0013582,1,0,1,0,1
GENIE-MSK-P-0014156,0,0,1,1,0
GENIE-MSK-P-0014817,0,0,0,1,0
GENIE-MSK-P-0013142,1,0,0,0,0
GENIE-MSK-P-0013966,0,0,0,0,0
GENIE-MSK-P-0012919,1,1,0,0,0
GENIE-MSK-P-0009937,0,0,1,0,0
GENIE-MSK-P-0010332,1,0,0,0,0
GENIE-MSK-P-0007788,1,0,0,0,1
GENIE-MSK-P-0012598,0,0,0,0,1
GENIE-MSK-P-0013511,0,0,0,1,0
GENIE-MSK-P-0014784,0,0,1,1,0
GENIE-MSK-P-0010307,0,0,0,1,0
GENIE-MSK-P-0015921,0,0,0,0,1
GENIE-MSK-P-0009864,1,1,0,0,1
GENIE-MSK-P-0016398,0,1,0,0,0
GENIE-MSK-P-0016127,1,0,1,1,0
GENIE-MSK-P-0013531,1,1,0,0,1
GENIE-MSK-P-0010612,1,0,1,0,0
GENIE-MSK-P-0010210,0,0,0,0,0
GENIE-MSK-P-0012306,1,1,0,0,1
GENIE-MSK-P-0008446,1,0,0,1,0
GENIE-MSK-P-0014451,1,1,1,0,1
GENIE-MSK-P-0008442,1,0,0,0,1
GENIE-MSK-P-0015632,1,1,0,0,0
GENIE-MSK-P-0012922,1,1,1,0,1
GENIE-MSK-P-0010131,0,0,0,0,1
GENIE-MSK-P-0011005,0,1,1,1,0
GENIE-MSK-P-0013429,1,0,0,0,0
GENIE-MSK-P-0012647,0,0,0,1,0
GENIE-MSK-P-0011453,0,0,0,1,0
GENIE-MSK-P-0010763,1,0,1,0,0
GENIE-MSK-P-0008440,0,0,0,0,0
GENIE-MSK-P-0015470,0,0,0,0,1
GENIE-MSK-P-0015083,1,0,0,0,0
GENIE-MSK-P-0016613,1,1,0,0,1
GENIE-MSK-P-0014645,1,0,1,0,1
GENIE-MSK-P-0008465,1,0,0,1,0
GENIE-MSK-P-0009960,0,0,0,1,0
GENIE-MSK-P-0010927,1,1,0,0,0
GENIE-MSK-P-0013748,1,1,1,0,1
GENIE-MSK-P-0009959,0,0,1,1,0
GENIE-MSK-P-0016368,0,0,0,1,0
GENIE-MSK-P-0011236,0,0,1,1,0
GENIE-MSK-P-0016213,0,1,0,0,0
GENIE-MSK-P-0009957,1,0,0,0,1
GENIE-MSK-P-0008404,1,0,0,0,0
GENIE-MSK-P-0014906,0,0,0,0,0
GENIE-MSK-P-0013900,0,0,0,1,0
GENIE-MSK-P-0012096,0,0,0,0,0
GENIE-MSK-P-0015592,0,0,0,1,0
GENIE-MSK-P-0015936,0,0,1,0,0
GENIE-MSK-P-0008837,1,0,1,1,0
GENIE-MSK-P-0010592,0,1,1,1,0
GENIE-MSK-P-0008764,0,0,0,0,0
GENIE-MSK-P-0012574,0,0,0,0,1
GENIE-MSK-P-0012879,0,0,0,1,0
GENIE-MSK-P-0010404,0,1,1,0,1
GENIE-MSK-P-0008310,1,1,0,0,1
GENIE-MSK-P-0010328,0,1,0,1,0
GENIE-MSK-P-0014805,0,0,0,1,0
GENIE-MSK-P-0012427,1,0,0,0,0
GENIE-MSK-P-0015358,0,0,0,0,0
GENIE-MSK-P-0013484,1,0,1,0,1
GENIE-MSK-P-0012875,1,0,0,0,0
GENIE-MSK-P-0008922,1,1,1,1,0
GENIE-MSK-P-0011242,0,0,1,1,0
GENIE-MSK-P-0015029,1,1,1,0,1
GENIE-MSK-P-0013342,0,0,0,0,1
GENIE-MSK-P-0009370,0,0,0,1,0
GENIE-MSK-P-0010053,1,1,0,0,1
GENIE-MSK-P-0013437,1,1,0,0,1
GENIE-MSK-P-0009276,1,0,0,1,0
GENIE-MSK-P-0013338,0,0,1,1,0
GENIE-MSK-P-0013855,0,0,0,0,1
GENIE-MSK-P-0013696,0,0,1,0,0
GENIE-MSK-P-0007919,0,0,0,1,0
GENIE-MSK-P-0012428,1,1,1,0,1
GENIE-MSK-P-0014430,1,0,0,0,0
GENIE-MSK-P-0014506,1,0,1,0,0
GENIE-MSK-P-0007901,1,0,0,0,1
GENIE-MSK-P-0012049,1,1,1,1,0
GENIE-MSK-P-0010978,0,1,0,0,0
GENIE-MSK-P-0010844,1,0,0,1,0
GENIE-MSK-P-0012580,1,0,0,1,0
GENIE-MSK-P-0008485,0,0,1,1,0
GENIE-MSK-P-0015002,0,0,0,1,0
GENIE-MSK-P-0011133,0,1,1,0,1
GENIE-MSK-P-0016172,1,1,1,1,0
GENIE-MSK-P-0013755,1,1,1,0,0
GENIE-MSK-P-0007916,0,0,1,1,0
GENIE-MSK-P-0015973,1,0,0,0,0
GENIE-MSK-P-0008654,0,0,1,1,0
GENIE-MSK-P-0011308,1,1,0,0,1
GENIE-MSK-P-0010632,0,0,0,1,0
GENIE-MSK-P-0010601,1,0,1,1,0
GENIE-MSK-P-0008917,0,1,0,0,1
GENIE-MSK-P-0016375,0,1,0,0,1
GENIE-MSK-P-0015593,1,0,0,0,0
GENIE-MSK-P-0014729,1,0,0,0,1
GENIE-MSK-P-0016216,0,0,0,1,0
GENIE-MSK-P-0012540,1,1,1,0,0
GENIE-MSK-P-0010355,1,1,1,1,0
GENIE-MSK-P-0016250,0,0,0,0,0
GENIE-MSK-P-0009555,0,0,1,0,0
GENIE-MSK-P-0016378,0,0,0,0,1
GENIE-MSK-P-0009379,0,0,0,1,0
GENIE-MSK-P-0007879,0,1,0,1,0
GENIE-MSK-P-0013366,0,1,1,1,0
GENIE-MSK-P-0009894,1,1,0,0,0
GENIE-MSK-P-0008957,1,1,0,0,0
GENIE-MSK-P-0009215,0,0,0,0,1
GENIE-MSK-P-0008152,0,0,0,0,0
GENIE-MSK-P-0013752,0,0,0,1,0
GENIE-MSK-P-0014011,0,1,1,0,1
GENIE-MSK-P-0010700,0,1,0,0,1
GENIE-MSK-P-0014771,1,0,0,0,0
GENIE-MSK-P-0008101,1,1,0,0,0
GENIE-MSK-P-0012788,1,1,0,0,1
GENIE-MSK-P-0014734,0,0,0,1,0
GENIE-MSK-P-0013672,0,0,1,1,0
GENIE-MSK-P-0010976,0,0,0,0,1
GENIE-MSK-P-0012149,0,0,0,0,0
GENIE-MSK-P-0010801,1,0,0,0,1
GENIE-MSK-P-0013710,0,0,0,1,0
GENIE-MSK-P-0010821,0,0,0,1,0
GENIE-MSK-P-0013653,0,0,0,0,0
GENIE-MSK-P-0016353,1,0,0,1,0
GENIE-MSK-P-0013233,1,0,0,0,0
GENIE-MSK-P-0011293,1,0,1,0,0
GENIE-MSK-P-0011311,0,0,0,0,0
GENIE-MSK-P-0013162,0,1,1,0,1
GENIE-MSK-P-0014511,0,0,0,0,1
GENIE-MSK-P-0010333,0,1,1,0,1
GENIE-MSK-P-0016054,0,0,0,0,1
GENIE-MSK-P-0009928,0,0,0,0,0
GENIE-MSK-P-0013995,1,0,0,0,0
GENIE-MSK-P-0012439,0,0,1,0,1
GENIE-MSK-P-0014135,0,0,0,1,0
GENIE-MSK-P-0015368,1,0,1,0,0
GENIE-MSK-P-0014948,0,1,1,0,1
GENIE-MSK-P-0009590,0,0,0,1,0
GENIE-MSK-P-0009762,0,1,1,1,0
GENIE-MSK-P-0007846,0,0,1,0,1
GENIE-MSK-P-0009487,1,0,0,1,0
GENIE-MSK-P-0009948,1,1,0,0,1
GENIE-MSK-P-0008863,1,0,0,0,0
GENIE-MSK-P-0015360,1,1,0,0,0
GENIE-MSK-P-0009042,0,0,0,0,1
GENIE-MSK-P-0010522,1,0,0,1,0
GENIE-MSK-P-0013702,0,0,1,1,0
GENIE-MSK-P-0009289,0,0,0,1,0
GENIE-MSK-P-0016464,0,1,1,0,0
GENIE-MSK-P-0013298,0,0,0,0,1
GENIE-MSK-P-0012895,0,0,0,0,1
GENIE-MSK-P-0001357,1,0,0,0,1
GENIE-MSK-P-0014120,0,0,0,0,1
GENIE-MSK-P-0009655,1,0,0,0,1
GENIE-MSK-P-0015226,1,0,1,0,0
GENIE-MSK-P-0014878,1,1,1,0,1
GENIE-MSK-P-0009194,0,0,1,1,0
GENIE-MSK-P-0007847,0,0,0,1,0
GENIE-MSK-P-0011117,1,0,1,0,0
GENIE-MSK-P-0016431,1,1,0,1,0
GENIE-MSK-P-0012577,0,0,1,0,1
GENIE-MSK-P-0010273,0,0,0,0,0
GENIE-MSK-P-0016221,0,1,1,0,0
GENIE-MSK-P-0009313,1,0,0,0,0
GENIE-MSK-P-0015774,0,0,1,0,0
GENIE-MSK-P-0011301,0,0,1,1,0
GENIE-MSK-P-0016692,1,1,1,0,0
GENIE-MSK-P-0008029,0,0,0,1,0
GENIE-MSK-P-0008176,0,0,0,1,0
GENIE-MSK-P-0015815,0,1,1,1,0
GENIE-MSK-P-0013371,0,0,0,0,1
GENIE-MSK-P-0013004,0,0,1,1,0
GENIE-MSK-P-0014497,1,1,0,0,1
GENIE-MSK-P-0010934,0,0,1,0,0
GENIE-MSK-P-0013701,0,0,0,1,0
GENIE-MSK-P-0015080,1,0,0,1,0
GENIE-MSK-P-0009261,1,0,0,0,0
GENIE-MSK-P-0012393,0,0,1,0,1
GENIE-MSK-P-0014297,0,1,1,1,0
GENIE-MSK-P-0010385,1,0,0,1,0
GENIE-MSK-P-0013376,0,0,0,1,0
GENIE-MSK-P-0008002,1,0,0,0,0
GENIE-MSK-P-0009837,0,0,0,1,0
GENIE-MSK-P-0016701,0,0,1,1,0
GENIE-MSK-P-0016034,0,0,0,1,0
GENIE-MSK-P-0016503,0,0,1,0,1
GENIE-MSK-P-0009358,0,0,1,0,0
GENIE-MSK-P-0015352,0,1,1,0,0
GENIE-MSK-P-0012076,1,0,0,0,1
GENIE-MSK-P-0014413,0,1,1,1,0
GENIE-MSK-P-0008576,1,0,0,1,0
GENIE-MSK-P-0009357,1,0,0,0,1
GENIE-MSK-P-0010063,1,0,0,1,0
GENIE-MSK-P-0012649,0,0,0,1,0
GENIE-MSK-P-0010256,0,0,0,1,0
GENIE-MSK-P-0015361,0,0,0,0,1
GENIE-MSK-P-0013509,1,1,0,0,0
GENIE-MSK-P-0015862,1,1,1,0,0
GENIE-MSK-P-0016185,0,0,0,0,0
GENIE-MSK-P-0011535,1,1,0,1,0
GENIE-MSK-P-0014239,1,0,0,0,0
GENIE-MSK-P-0015286,0,0,0,0,0
GENIE-MSK-P-0012782,1,0,0,0,1
GENIE-MSK-P-0014319,1,1,0,1,0
GENIE-MSK-P-0008292,0,0,0,0,1
GENIE-MSK-P-0014972,1,0,0,0,0
GENIE-MSK-P-0016089,1,1,1,0,1
GENIE-MSK-P-0014612,0,0,0,0,1
GENIE-MSK-P-0009702,0,0,0,0,0
GENIE-MSK-P-0016174,1,1,1,0,0
GENIE-MSK-P-0016161,0,0,0,1,0
GENIE-MSK-P-0013860,0,0,0,0,1
GENIE-MSK-P-0010525,0,0,0,1,0
GENIE-MSK-P-0013306,1,1,0,0,0
GENIE-MSK-P-0012437,0,0,0,1,0
GENIE-MSK-P-0016033,1,0,0,1,0
GENIE-MSK-P-0010345,0,0,0,0,1
GENIE-MSK-P-0013351,0,0,0,0,0
GENIE-MSK-P-0015129,1,1,1,0,1
GENIE-MSK-P-0014363,0,0,0,1,0
GENIE-MSK-P-0010980,0,0,0,1,0
GENIE-MSK-P-0011450,0,0,0,0,0
GENIE-MSK-P-0015195,1,0,0,0,0
GENIE-MSK-P-0014502,0,0,0,0,1
GENIE-MSK-P-0014266,1,1,1,0,1
GENIE-MSK-P-0013872,1,0,0,0,1
GENIE-MSK-P-0016165,0,1,0,0,0
GENIE-MSK-P-0015937,1,1,0,0,1
GENIE-MSK-P-0013997,0,1,1,0,1
GENIE-MSK-P-0012854,0,0,1,0,1
GENIE-MSK-P-0011309,1,0,0,0,1
GENIE-MSK-P-0014546,0,0,1,1,0
GENIE-MSK-P-0006149,0,1,0,0,0
GENIE-MSK-P-0009604,0,0,0,1,0
GENIE-MSK-P-0010133,1,0,0,0,1
GENIE-MSK-P-0008300,1,0,1,0,1
GENIE-MSK-P-0015375,0,0,0,0,0
GENIE-MSK-P-0015256,0,0,1,1,0
GENIE-MSK-P-0009020,1,0,1,1,0
GENIE-MSK-P-0008715,1,1,0,0,0
GENIE-MSK-P-0010904,0,1,0,0,1
GENIE-MSK-P-0014487,0,0,1,1,0
GENIE-MSK-P-0010267,1,0,0,0,1
GENIE-MSK-P-0014614,1,0,0,1,0
GENIE-MSK-P-0012811,0,0,0,0,1
GENIE-MSK-P-0008078,1,1,1,0,1
GENIE-MSK-P-0013919,0,0,0,0,0
GENIE-MSK-P-0009168,1,0,0,0,0
GENIE-MSK-P-0009206,0,0,0,1,0
GENIE-MSK-P-0010637,0,1,0,0,0
GENIE-MSK-P-0011389,1,1,1,0,1
GENIE-MSK-P-0016471,0,0,1,0,0
GENIE-MSK-P-0015409,0,0,0,0,0
GENIE-MSK-P-0014257,0,0,1,0,0
GENIE-MSK-P-0012913,1,1,1,1,0
GENIE-MSK-P-0014990,1,0,0,0,0
GENIE-MSK-P-0016050,0,0,1,1,0
GENIE-MSK-P-0009462,0,0,0,1,0
GENIE-MSK-P-0012888,1,0,0,0,1
GENIE-MSK-P-0014752,0,0,1,0,1
GENIE-MSK-P-0011234,1,0,1,0,1
GENIE-MSK-P-0015061,0,0,0,0,1
GENIE-MSK-P-0013859,0,1,1,0,0
GENIE-MSK-P-0008599,1,0,0,0,1
GENIE-MSK-P-0009975,0,0,0,1,0
GENIE-MSK-P-0012456,1,0,0,1,0
GENIE-MSK-P-0016280,0,1,0,0,0
GENIE-MSK-P-0009265,0,0,0,1,0
GENIE-MSK-P-0009742,0,0,0,0,0
GENIE-MSK-P-0013708,0,0,1,0,1
GENIE-MSK-P-0016350,1,1,0,0,1
GENIE-MSK-P-0009096,0,0,0,0,1
GENIE-MSK-P-0012404,0,1,1,0,1
GENIE-MSK-P-0007083,1,0,0,1,0
GENIE-MSK-P-0014809,0,1,1,1,0
GENIE-MSK-P-0010253,0,0,1,0,0
GENIE-MSK-P-0007101,1,0,1,1,0
GENIE-MSK-P-0013794,0,0,0,1,0
GENIE-MSK-P-0010793,1,1,1,0,1
GENIE-MSK-P-0009542,0,0,0,1,0
GENIE-MSK-P-0012436,0,1,0,0,1
GENIE-MSK-P-0016611,0,0,0,0,0
GENIE-MSK-P-0013677,0,0,0,1,0
GENIE-MSK-P-0014688,0,1,0,0,0
GENIE-MSK-P-0015601,0,0,0,0,0
GENIE-MSK-P-0013295,1,0,0,1,0
GENIE-MSK-P-0012569,0,1,0,1,0
GENIE-MSK-P-0008668,1,0,0,0,1
GENIE-MSK-P-0010442,0,0,0,1,0
GENIE-MSK-P-0008723,0,0,0,1,0
GENIE-MSK-P-0010181,1,0,1,0,1
GENIE-MSK-P-0016646,1,0,0,0,0
GENIE-MSK-P-0009624,1,0,0,1,0
GENIE-MSK-P-0013813,0,1,0,1,1
GENIE-MSK-P-0013993,1,1,1,1,1
GENIE-MSK-P-0010785,1,0,0,0,0
GENIE-MSK-P-0013825,0,1,0,0,0
GENIE-MSK-P-0012088,1,0,0,0,0
GENIE-MSK-P-0010741,0,0,0,1,0
GENIE-MSK-P-0012837,0,0,0,1,0
GENIE-MSK-P-0011183,1,0,0,1,0
GENIE-MSK-P-0015578,1,1,0,0,0
GENIE-MSK-P-0010375,1,0,0,1,0
GENIE-MSK-P-0009178,1,1,1,0,0
GENIE-MSK-P-0011543,0,0,0,0,1
GENIE-MSK-P-0012090,1,0,0,0,0
GENIE-MSK-P-0007816,0,0,0,1,0
GENIE-MSK-P-0013534,0,0,1,0,1
GENIE-MSK-P-0014572,1,0,0,0,1
GENIE-MSK-P-0009559,0,0,1,1,0
GENIE-MSK-P-0009823,0,0,0,1,0
GENIE-MSK-P-0015636,0,0,1,1,0
GENIE-MSK-P-0012449,1,1,0,1,0
GENIE-MSK-P-0011150,1,1,0,1,0
GENIE-MSK-P-0015388,0,0,0,0,0
GENIE-MSK-P-0011412,0,0,0,1,0
GENIE-MSK-P-0016309,0,0,0,0,1
GENIE-MSK-P-0016065,0,0,1,1,0
GENIE-MSK-P-0009920,0,0,1,1,0
GENIE-MSK-P-0016284,0,0,0,0,0
GENIE-MSK-P-0013705,0,0,0,0,1
GENIE-MSK-P-0009422,0,0,0,1,0
GENIE-MSK-P-0016184,0,1,0,0,1
GENIE-MSK-P-0014996,0,1,1,0,1
GENIE-MSK-P-0014187,0,1,0,0,1
GENIE-MSK-P-0015524,0,1,1,0,1
GENIE-MSK-P-0014265,0,1,0,0,0
GENIE-MSK-P-0014075,1,1,0,0,0
GENIE-MSK-P-0015112,0,0,0,1,0
GENIE-MSK-P-0015431,0,0,0,1,0
GENIE-MSK-P-0015693,1,0,0,0,0
GENIE-MSK-P-0009260,0,0,0,0,1
GENIE-MSK-P-0010736,1,1,1,0,0
GENIE-MSK-P-0009198,0,0,1,0,0
GENIE-MSK-P-0014525,1,0,0,0,1
GENIE-MSK-P-0015677,0,0,0,1,0
GENIE-MSK-P-0009643,0,0,0,0,0
GENIE-MSK-P-0011157,0,0,0,1,0
GENIE-MSK-P-0015269,1,1,1,0,0
GENIE-MSK-P-0015454,0,0,0,1,0
GENIE-MSK-P-0016261,0,0,1,1,0
GENIE-MSK-P-0015350,1,1,0,0,1
GENIE-MSK-P-0016539,0,0,1,1,0
